[
  {
    "categoryName": "Snacks",
    "products": [
      { "id": 1, "name": "Alaska", "description": "This is a description of Alaska", "categoryName": "Snack", "unitOfMeasure": "can", "imageFile": "Alaska", "price": "30.00" },
      { "id": 2, "name": "Cardbury", "description": "This is a description of Cardbury", "categoryName": "Snacks", "unitOfMeasure": "ounce", "imageFile": "cardbury", "price": "10.00" },
      { "id": 3, "name": "Milo", "description": "This is a description of Milo", "unitOfMeasure": "can", "categoryName": "Snacks", "imageFile": "milo", "price": "120.00" }
    ]
  },
  {
    "categoryName": "Audio",
    "products": [
      { "id": 4, "name": "denonreceiver", "description": "This is a description of Denon receiver", "unitOfMeasure": "piece", "imageFile": "denonreceiver", "categoryName": "Audio", "price": "1420.00" },
      { "id": 5, "name": "Mango", "description": "This is a description of Mango", "unitOfMeasure": "piece", "imageFile": "mango", "categoryName": "Audio", "price": "0.00" },
      { "id": 6, "name": "soundbar", "description": "This is a description of the Sound bar", "unitOfMeasure": "piece", "imageFile": "soundbar", "categoryName": "Audio", "price": "30.00" },
      { "id": 7, "name": "soundbar2", "description": "This is a description of another soundbar", "categoryName": "Audio", "imageFile": "soundar2", "unitOfMeasure": "piece", "price": "350.00" }
    ]
  }
]

