[
  {
    "categoryName": "Running Shoes",
    "products": [
      {
        "id": 1,
        "name": "Sprint Elite X1",
        "description": "Professional-grade running shoes with responsive cushioning and breathable mesh upper. Perfect for both training and marathon running.",
        "categoryName": "Running Shoes",
        "unitOfMeasure": "pair",
        "imageFile": "running-shoes",
        "price": "4999.00"
      }
    ]
  },
  {
    "categoryName": "Basketball Shoes",
    "products": [
      {
        "id": 2,
        "name": "Court Dominator Pro",
        "description": "High-top basketball shoes with superior ankle support and enhanced grip. Designed for explosive movements and quick direction changes.",
        "categoryName": "Basketball Shoes",
        "unitOfMeasure": "pair",
        "imageFile": "basketball-shoes",
        "price": "6499.00"
      }
    ]
  },
  {
    "categoryName": "Lifestyle Shoes",
    "products": [
      {
        "id": 3,
        "name": "Urban Walker Classic",
        "description": "Versatile casual shoes that blend comfort with style. Perfect for everyday wear with premium leather upper and cushioned sole.",
        "categoryName": "Lifestyle Shoes",
        "unitOfMeasure": "pair",
        "imageFile": "lifestyle-shoes",
        "price": "3499.00"
      }
    ]
  }
]

